name_th,company_Id
บริษัทจัดหางาน ฟาเอซ (ประเทศไทย) จำกัด,105520008760
บริษัทจัดหางาน ไทยเลเบอร์ ซัพพลาย จำกัด,105525013192
บริษัทจัดหางาน ลิ้งค์โปรอินเตอร์เนชั่นแนล จำกัด,105534067381
บริษัทจัดหางาน สยาม เวิร์ค แทรเวล จำกัด,105538041653
บริษัทจัดหางาน ซี แอล ซี อินเตอร์เนชั่นแนล (1999) จำกัด,105542042944
บริษัทจัดหางาน วี ดรากอน จำกัด,105542098125
บริษัทจัดหางาน ที ดับบลิว จำกัด,105543098013
บริษัทจัดหางาน ที.เอช.กรีน จำกัด,105545126715
บริษัทจัดหางาน สุวรรณภูมิ ฮิวแมน ซัพพลาย จำกัด,105550009764
บริษัทจัดหางาน มีร่าห์ บิซซิเนส กรุ๊ป จำกัด,105556188016
บริษัทจัดหางาน อัล-ตักวา เอ็นเตอร์ไพรช์ จำกัด,105558006985
บริษัทจัดหางาน เอพี โกลบอล จำกัด,105559062111
บริษัทจัดหางาน เอ็ม ที เวิร์ค จำกัด,105560004986
บริษัทจัดหางาน เอ็นเอ บางกอก จำกัด,105560122504
บริษัทจัดหางาน ไท่ เม่ย ห่าว จำกัด,105560142629
บริษัทจัดหางาน ไทยนิจิ จินไซซัพพอร์ท จำกัด,105561155147
บริษัทจัดหางาน ต้าจี๋ บิสซิเนส จำกัด,135554014371
บริษัทจัดหางาน แกรนด์เบ็ตเตอร์ จำกัด,305549000587
บริษัทจัดหางาน บี.เอ็ม.เอ็ม.บิลเลี่ยน จำกัด,305553002106
บริษัทจัดหางาน เอชทูโอ แคเรียร์ (ไทยแลนด์) จำกัด,345562001061
บริษัทจัดหางาน อุดรเวิลด์บริดจ์ อินเตอร์เนชั่นแนล จำกัด,415552000435
บริษัทจัดหางาน ไดชิน จำกัด,505562011625
บริษัทจัดหางาน เวิร์ค อินเตอร์เนชั่นแนล18 จำกัด,505566019183
บริษัทจัดหางาน เอ็นเจ เอเจนซี่ เชียงใหม่ จำกัด,505567018989
บริษัทจัดหางาน เอเอ ริชเชส จำกัด,575565005260
บริษัทจัดหางาน เอสโก้ จำกัด,50105529006689
บริษัทจัดหางาน กรุงเทพสุ้นฮวดเทรดดิ้ง จำกัด,105524013369
บริษัทจัดหางาน บิลเดอร์ส จำกัด,105524026525
บริษัทจัดหางาน สล็อท อินเตอร์เนชั่นแนล จำกัด,105525003421
บริษัทจัดหางาน เจ.เจ.เอส.บางกอกดีวีลอปเม้นท์ จำกัด,105527022105
บริษัทจัดหางาน เค.เอส.แมนเพาเวอร์ ซัพพลาย จำกัด,105527026798
บริษัทจัดหางาน เทคโน-ไทย อินเตอร์เนชั่นแนล จำกัด,105528038081
บริษัทจัดหางาน แซม อินเตอร์เนชั่นแนล เอ็นเตอร์ไพรส์ จำกัด,105528039354
บริษัทจัดหางาน วีแอล สยาม ดีเวลลอปเมนท์ จำกัด,105528041901
บริษัทจัดหางาน มาลินโด จำกัด,105528044498
บริษัทจัดหางาน ไทยซินแทค แทรเวิล เซอร์วิส จำกัด,105529017125
บริษัทจัดหางาน วินซ์ เพลสเมนท์ จำกัด,105531036913
บริษัทจัดหางาน เค.แอล.พร็อพเปอร์ตี้ จำกัด,105532049130
บริษัทจัดหางาน มาจู-จายา จำกัด,105532084865
บริษัทจัดหางาน ที ที เอ็ม จำกัด,105533077552
บริษัทจัดหางาน บ๊อสส์ดีไล้ท์ แมนพาวเวอร์ จำกัด,105534049323
บริษัทจัดหางาน พนไพศาล จำกัด,105534087535
บริษัทจัดหางาน บิ๊กวัน โอเวอร์ซี จำกัด,105535008809
บริษัทจัดหางาน บางกอก วินนิ่ง กรุ๊พ จำกัด,105540027972
บริษัทจัดหางาน ไทยอัศวเลิศ จำกัด,105540073320
บริษัทจัดหางาน สเปคทรัม โอเวอร์ซี เอ็นเตอร์ไพรส์ จำกัด,105541044501
บริษัทจัดหางาน เซ้นท์ เมอริท จำกัด,105542025381
บริษัทจัดหางาน ท็อปเทีย จำกัด,105542037401
บริษัทจัดหางาน คันทรี่ อินเตอร์เนชั่นแนล จำกัด,105542045463
บริษัทจัดหางาน เอสพี ลีดเดอร์ อินเตอร์เนชั่นแนล กรุ๊ป จำกัด,105543002989
บริษัทจัดหางาน เอ็น.ที.เค บิสซิเนส จำกัด,105544052220
บริษัทจัดหางาน เอ.เค.แกรนด์ จำกัด,105545007830
บริษัทจัดหางาน แกรนดิโอส บิสเนส จำกัด,105545027318
บริษัทจัดหางาน แม่บ้านฮ่องกง จำกัด,105545121080
บริษัทจัดหางาน รุ่งชีวิน จำกัด,105546064535
บริษัทจัดหางาน เอสพีที ซัพพลาย อินเตอร์เนชั่นแนล จำกัด,105546076151
บริษัทจัดหางาน บานซิง จำกัด,105547109460
บริษัทจัดหางาน ที.เอ็น.วาย.ไทร์นิตี้  จำกัด,105548006354
บริษัทจัดหางาน จูงใข อินเตอร์เนชั่นแนล (ประเทศไทย) จำกัด,105548049894
บริษัทจัดหางาน ทีเจ ดับเบิ้ล พลัส จำกัด,105549046171
บริษัทจัดหางาน โอ อี เอ็ม โอเวอร์ซี จำกัด,105550009756
บริษัทจัดหางานชินชัย อินเตอร์เนชั่นแนล จำกัด,105550098163
บริษัทจัดหางาน เจ.ไอ.เอ็น อินเตอร์เนชั่นแนล จำกัด,105552005715
บริษัทจัดหางาน เค.ซี.คิวบ์  จำกัด,105552078143
บริษัทจัดหางาน อันเลอร์ เอ็กซ์เพรส จำกัด,105553031281
บริษัทจัดหางาน ไทย ออลไรท์ คอนซัลแทนท์ แอนด์ ดีวีลอปเม้นท์ จำกัด,105553059622
บริษัทจัดหางาน เอฟ เอ็ม เอส เอ็นเตอร์ไพรส์ จำกัด,105554002161
บริษัทจัดหางาน บอร์เดอร์เลส ทาเล้นท์ โซลูชั่น จำกัด,105554056635
บริษัทจัดหางาน เซาท์อีสทเอเซียเลเบอร์ จำกัด,105554116263
บริษัทจัดหางานเถาหยวน จำกัด,105555020685
บริษัทจัดหางาน เจวายที โปรเจคส์ จำกัด,105555057988
บริษัทจัดหางาน ไทย นิปปอน เทรนนิ่ง จำกัด,105555114167
บริษัทจัดหางาน เวิลด์ แม็ป จำกัด,105555130006
บริษัทจัดหางาน เอส.พี.ที.บิ๊กวัน อินเตอร์เนชั่นแนล จำกัด,105557085725
บริษัทจัดหางาน ซากุระ เค.พี. จำกัด,105557168949
บริษัทจัดหางาน เถาหยวน ไต้หวัน จำกัด,105558049374
บริษัทจัดหางาน เอ็ม ดับบลิว แกรนด์ จำกัด,105558077947
บริษัทจัดหางาน พี แอนด์ พี ดีวีลอปเม้นท์ จำกัด,105559080135
บริษัทจัดหางาน ไทยกรุ๊ปกรีน จำกัด,105560027021
บริษัทจัดหางาน ซิน สตาร์ โอเวอร์ซี จำกัด,105560111197
บริษัทจัดหางาน อัล-กาวาเดอร์ จำกัด,105560191263
บริษัทจัดหางาน เทพส์ 2018 จำกัด,105561022597
บริษัทจัดหางาน บิ๊กวัน อุดร จำกัด,105561038434
บริษัทจัดหางาน เอเชีย ไทย โอเวอร์ซี จำกัด,105561124748
บริษัทจัดหางาน ไทย นิปปอน เฟลโลชิป จำกัด,105562008938
บริษัทจัดหางาน พาโซนา โอเวอร์ซี (ไทยแลนด์) จำกัด,105563070611
บริษัทจัดหางาน ฟลู แต้งค์ส เจพี จำกัด,105563084743
บริษัทจัดหางาน เซฟกรุ๊ป 1819 เอ็นเทอร์ไพรส์ จำกัด,105563090492
บริษัทจัดหางาน จินไซ (ไทยเเลนด์) จำกัด,105563183008
บริษัทจัดหางาน มีทเจแปน จำกัด,105565012898
บริษัทจัดหางาน เมดโค้ช เฮลธ์แคร์ อินเตอร์เนชั่นแนล จำกัด,105565136660
บริษัทจัดหางาน อธิชล เอส อินเตอร์เนชั่นแนล จำกัด,105565142031
บริษัทจัดหางาน เอ็มพาวเวอร์สกิล โซลูชันส์ จำกัด,105566050483
บริษัทจัดหางาน แกรนด์ เถาหยวน ไต้หวัน จำกัด,105566057062
บริษัทจัดหางาน จิรกิตติ จำกัด,105566067645
บริษัทจัดหางาน โก เวิร์คเกอร์ จำกัด,105566085139
บริษัทจัดหางาน เอ.เอ.เอ็ม.เอส. จำกัด,105566161528
บริษัทจัดหางาน พีอาร์ทีอาร์ โกลบอล จำกัด,105566170101
บริษัทจัดหางาน ซีซีที ซัคเซส จำกัด,105566188001
บริษัทจัดหางาน เอสซีเอ็ม เทรนนิ่ง จำกัด,105566236536
บริษัทจัดหางาน บิสโก้ 2024 จำกัด,105567002806
บริษัทจัดหางาน เจี่ยง แซม จำกัด,105567099672
บริษัทจัดหางาน สิริรินทร์ อินเตอร์เนชั่นแนล (ไทยแลนด์) จำกัด,105567148495
บริษัทจัดหางาน บีเจซี เวิร์ค คอนเน็กซ์ จำกัด,105568049857
บริษัทจัดหางาน เอ็น.ไอ.ที แมนเพาว์เวอร์ (ไทยแลนด์) จำกัด,105568059011
บริษัทจัดหางาน โลตัส โอเวอร์ซีส์ จำกัด,115568027543
บริษัทจัดหางาน ดับเบิลยู แอล เอช บิสซิเนส จำกัด,125544001315
บริษัทจัดหางาน ไทยดีเลิศ เอ็นเตอร์ไพรส์ จำกัด,125546011822
บริษัทจัดหางาน โนโซมิ จำกัด,125562000741
บริษัทจัดหางาน เอ็มพล็อท จำกัด,125564017586
บริษัทจัดหางาน พีพีแอล ควอลิตี้ สตาฟ จำกัด,125565008530
บริษัทจัดหางาน เจ.แอล.เอเจนซี่ จำกัด,135547011095
บริษัทจัดหางาน เอพีไอ ดีเวลลอปเม้นท์ จำกัด,135566023664
บริษัทจัดหางาน เอสเอ็นซีเอส เวิร์ค กรุ๊ป จำกัด,145566004015
บริษัทจัดหางาน วินเนอร์96 เมเนจเม้นท์ จำกัด,205568033631
บริษัทจัดหางาน ไทนิชิ ยูโก จำกัด,215551002797
บริษัทจัดหางาน มิตร เอ็นจิเนีย คอนสตรัคชั่น จำกัด,215556003902
บริษัทจัดหางาน เอส1968 จำกัด,145563001881
บริษัทจัดหางาน วี.อาร์.เอส. แทรเวล คอร์ปอเรชั่น จำกัด,305528000154
บริษัทจัดหางาน เอส.พี.ที. อินเตอร์แมเนจเม้นท์ จำกัด,305538001455
บริษัทจัดหางาน ไทยเวิร์คเกอร์ เอ็นเทอร์ไพรส์ จำกัด,305540001220
บริษัทจัดหางาน เอเชียโก จำกัด,305566005460
บริษัทจัดหางาน บิ๊กวัน ซัพพลาย จำกัด,305567004581
บริษัทจัดหางาน ทรู โพซิชั่น จำกัด,325550000285
บริษัทจัดหางาน วัน ทีเจ จำกัด,325566001766
บริษัทจัดหางาน เซบา เอ็นเตอร์ไพร์ส จำกัด,335543000089
บริษัทจัดหางาน อุบลไทยเวลเดอร์ จำกัด,345550000307
บริษัทจัดหางาน อ.บ.ไทย จำกัด,345562000081
บริษัทจัดหางาน ทีเจ กรุ๊ป 2019 (ประเทศไทย) จำกัด,345562000820
บริษัทจัดหางาน ดับเบิ้ลยู อินเตอร์เนชั่นแนล 2020 จำกัด,345563001692
บริษัทจัดหางาน อี.พี.เอ. อินเตอร์เนชั่นแนล จำกัด,415527000125
บริษัทจัดหางาน อุดร เอ็น ที ยูเนี่ยน จำกัด,415544000332
บริษัทจัดหางาน อุดร เอส.เค.เอ็ม.อินเตอร์เนชั่นแนล (2001) จำกัด,415544000456
บริษัทจัดหางาน นอร์ทอีสท์ โอเวอร์ซี (ไทยแลนด์) จำกัด,415549000764
บริษัทจัดหางาน ยู.ไอ จำกัด,415558000216
บริษัทจัดหางาน เอส เอ็น เวิลด์ อินเตอร์เนชั่นแนล จำกัด,415566003415
บริษัทจัดหางาน วี.ดรากอน (อุดรธานี ) จำกัด,415568000677
บริษัทจัดหางาน ธนากร บราเธอร์ จำกัด,435559000210
บริษัทจัดหางาน เบสท์ คิงด้อม อินเตอร์กรุ๊ป จำกัด,455565001052
บริษัทจัดหางาน ตากาต จำกัด,505565008960
บริษัทจัดหางาน เอเชียอินเตอร์เนชั่นแนลเน็ตเวิร์ค จำกัด,575553000799
บริษัทจัดหางาน ไทย เจแปน บิสซิเนส เน็ทเวิร์ค จำกัด,575556000340
บริษัทจัดหางาน เอ บี ซี ไทย-เจแปน จำกัด,575558002048
บริษัทจัดหางาน ฮิดะ ฮิคารุ จำกัด,575561002126
บริษัทจัดหางาน เอสทีเอ็นพี จำกัด,575562001522
บริษัทจัดหางาน เอ็นซี โกลบอลเอ็นเตอร์ไพรส์ จำกัด,575563000279
บริษัทจัดหางาน ไทย แจแปน แฟมิลี่ จำกัด,705566001100
บริษัทจัดหางาน การีมี คอนแทรคติ้ง จำกัด,50105568040558